{
  "pelvis": {
    "x": -7.527035E-18,
    "y": 356.246155,
    "z": -2.29691883E-16
  },
  "left_hip": {
    "x": 357.6915,
    "y": 192.473648,
    "z": 188.7198
  },
  "left_knee": {
    "x": 6.06061125,
    "y": 13.7426033,
    "z": 345.116364
  },
  "left_ankle": {
    "x": 351.239166,
    "y": 286.1653,
    "z": 74.00122
  },
  "left_foot": {
    "x": -2.50122E-05,
    "y": -0.000415881019,
    "z": 3.81436657E-05
  },
  "right_hip": {
    "x": 357.1385,
    "y": 177.005219,
    "z": 173.2513
  },
  "right_knee": {
    "x": 3.42093849,
    "y": 351.382751,
    "z": 9.36220551
  },
  "right_ankle": {
    "x": 336.59906,
    "y": 70.3799438,
    "z": 288.2449
  },
  "right_foot": {
    "x": 1.3021835E-05,
    "y": -3.18055472E-15,
    "z": 0.0
  },
  "spine1": {
    "x": 358.669525,
    "y": 7.8700037,
    "z": 3.8535924
  },
  "spine2": {
    "x": 13.9911556,
    "y": 341.432343,
    "z": 342.4067
  },
  "spine3": {
    "x": 336.797424,
    "y": 6.86807,
    "z": 9.439761
  },
  "left_collar": {
    "x": 311.115662,
    "y": 32.8275375,
    "z": 47.541
  },
  "left_shoulder": {
    "x": 317.773315,
    "y": 44.0524,
    "z": 345.742584
  },
  "left_elbow": {
    "x": 22.3417759,
    "y": 340.91333,
    "z": 5.970387
  },
  "left_wrist": {
    "x": 347.486481,
    "y": 13.1432381,
    "z": 354.9354
  },
  "left_index1": {
    "x": 10.5486641,
    "y": 350.500183,
    "z": 9.098043
  },
  "left_index2": {
    "x": 351.8226,
    "y": 10.0155935,
    "z": 351.991943
  },
  "left_index3": {
    "x": 7.951387E-16,
    "y": 4.13803729E-33,
    "z": 2.98177E-16
  },
  "left_middle1": {
    "x": 8.463469,
    "y": 352.0221,
    "z": 355.74054
  },
  "left_middle2": {
    "x": 353.822876,
    "y": 5.63964,
    "z": 356.8632
  },
  "left_middle3": {
    "x": -7.951387E-16,
    "y": 7.951387E-16,
    "z": -1.9878467E-16
  },
  "left_pinky1": {
    "x": 5.088636,
    "y": 357.0672,
    "z": 329.42923
  },
  "left_pinky2": {
    "x": 358.9466,
    "y": 0.4821688,
    "z": 1.11071122
  },
  "left_pinky3": {
    "x": -1.34486207E-32,
    "y": 1.192708E-15,
    "z": 6.460502E-16
  },
  "left_ring1": {
    "x": 8.863917,
    "y": 351.572357,
    "z": 353.740265
  },
  "left_ring2": {
    "x": 353.9515,
    "y": 5.58170938,
    "z": 353.402222
  },
  "left_ring3": {
    "x": -7.951387E-16,
    "y": -7.951387E-16,
    "z": 2.98177E-16
  },
  "left_thumb1": {
    "x": 17.4472656,
    "y": 350.4648,
    "z": 59.8870735
  },
  "left_thumb2": {
    "x": 355.004852,
    "y": 30.7642689,
    "z": 338.183441
  },
  "left_thumb3": {
    "x": -1.59027736E-15,
    "y": 3.18055472E-15,
    "z": -4.373263E-15
  },
  "neck": {
    "x": 13.6054983,
    "y": 12.434164,
    "z": 13.2520151
  },
  "head": {
    "x": 7.60697365,
    "y": 299.3606,
    "z": 309.5538
  },
  "jaw": {
    "x": 325.701721,
    "y": 242.644653,
    "z": 84.4209442
  },
  "left_eye_smplhf": {
    "x": 342.01123,
    "y": 84.87998,
    "z": 26.8974228
  },
  "right_eye_smplhf": {
    "x": 347.65387,
    "y": 331.781982,
    "z": 356.7591
  },
  "right_collar": {
    "x": 314.591553,
    "y": 326.516632,
    "z": 317.329254
  },
  "right_shoulder": {
    "x": 322.525024,
    "y": 324.73,
    "z": 5.824995
  },
  "right_elbow": {
    "x": 9.819048,
    "y": 8.898275,
    "z": 357.20105
  },
  "right_wrist": {
    "x": 350.08197,
    "y": 349.96637,
    "z": 3.482384
  },
  "right_index1": {
    "x": 12.8392572,
    "y": 11.4944611,
    "z": 350.308228
  },
  "right_index2": {
    "x": 351.822357,
    "y": 349.983521,
    "z": 8.01073
  },
  "right_index3": {
    "x": 1.46429514E-07,
    "y": -7.951387E-16,
    "z": -2.98177E-16
  },
  "right_middle1": {
    "x": 10.7347088,
    "y": 9.981054,
    "z": 3.61026978
  },
  "right_middle2": {
    "x": 353.825623,
    "y": 354.362885,
    "z": 3.13712072
  },
  "right_middle3": {
    "x": 7.951387E-16,
    "y": 8.27607459E-33,
    "z": 5.96354E-16
  },
  "right_pinky1": {
    "x": 7.2972126,
    "y": 4.95569849,
    "z": 29.7238541
  },
  "right_pinky2": {
    "x": 358.94693,
    "y": 359.5176,
    "z": 358.894226
  },
  "right_pinky3": {
    "x": -3.44836447E-33,
    "y": -3.9756934E-16,
    "z": -4.969617E-16
  },
  "right_ring1": {
    "x": 11.1423512,
    "y": 10.4314985,
    "z": 5.625129
  },
  "right_ring2": {
    "x": 353.951569,
    "y": 354.417633,
    "z": 6.60283375
  },
  "right_ring3": {
    "x": 7.951387E-16,
    "y": 7.951387E-16,
    "z": 2.33571982E-15
  },
  "right_thumb1": {
    "x": 19.7443085,
    "y": 11.4560575,
    "z": 299.499542
  },
  "right_thumb2": {
    "x": 355.0045,
    "y": 329.2365,
    "z": 21.8188953
  },
  "right_thumb3": {
    "x": -1.59027736E-15,
    "y": 1.65521489E-31,
    "z": -5.96354E-15
  }
}